Datetime,Water Level (m)
2025-10-19 00:00:00,-0.44118991
2025-10-19 01:00:00,-0.68419415
2025-10-19 02:00:00,-0.47721994
2025-10-19 03:00:00,-0.037451092
2025-10-19 04:00:00,0.39661822
2025-10-19 05:00:00,0.87756515
2025-10-19 06:00:00,1.3104714
2025-10-19 07:00:00,1.5201461
2025-10-19 08:00:00,1.4118142
2025-10-19 09:00:00,1.0413101
2025-10-19 10:00:00,0.5433782
2025-10-19 11:00:00,0.033771437
2025-10-19 12:00:00,-0.454503
2025-10-19 13:00:00,-0.77271307
2025-10-19 14:00:00,-0.5658276
2025-10-19 15:00:00,-0.08089196
2025-10-19 16:00:00,0.38650632
2025-10-19 17:00:00,0.9159543
2025-10-19 18:00:00,1.3918445
2025-10-19 19:00:00,1.679449
2025-10-19 20:00:00,1.6826872
2025-10-19 21:00:00,1.3596262
2025-10-19 22:00:00,0.8824732
2025-10-19 23:00:00,0.34572563
2025-10-20 00:00:00,-0.18804342
2025-10-20 01:00:00,-0.634032
2025-10-20 02:00:00,-0.71880853
2025-10-20 03:00:00,-0.2547164
2025-10-20 04:00:00,0.2141936
2025-10-20 05:00:00,0.6889495
2025-10-20 06:00:00,1.1729575
2025-10-20 07:00:00,1.5033098
2025-10-20 08:00:00,1.5603207
2025-10-20 09:00:00,1.2865473
2025-10-20 10:00:00,0.83057934
2025-10-20 11:00:00,0.30365747
2025-10-20 12:00:00,-0.23426087
2025-10-20 13:00:00,-0.67990977
2025-10-20 14:00:00,-0.8011233
2025-10-20 15:00:00,-0.32245177
2025-10-20 16:00:00,0.18510847
2025-10-20 17:00:00,0.7064858
2025-10-20 18:00:00,1.2418677
2025-10-20 19:00:00,1.6516783
2025-10-20 20:00:00,1.8131179
2025-10-20 21:00:00,1.6217144
2025-10-20 22:00:00,1.1801475
2025-10-20 23:00:00,0.62533134
2025-10-21 00:00:00,0.089597754
2025-10-21 01:00:00,-0.4104097
2025-10-21 02:00:00,-0.7598955
2025-10-21 03:00:00,-0.5064082
2025-10-21 04:00:00,-0.007983346
2025-10-21 05:00:00,0.44503254
2025-10-21 06:00:00,0.95391375
2025-10-21 07:00:00,1.3786151
2025-10-21 08:00:00,1.5856891
2025-10-21 09:00:00,1.4486687
2025-10-21 10:00:00,1.0659724
2025-10-21 11:00:00,0.5443068
2025-10-21 12:00:00,0.020387724
2025-10-21 13:00:00,-0.4902781
2025-10-21 14:00:00,-0.82846653
2025-10-21 15:00:00,-0.5639014
2025-10-21 16:00:00,-0.018779427
2025-10-21 17:00:00,0.4846504
2025-10-21 18:00:00,1.039827
2025-10-21 19:00:00,1.531731
2025-10-21 20:00:00,1.833154
2025-10-21 21:00:00,1.7914444
2025-10-21 22:00:00,1.4445363
2025-10-21 23:00:00,0.9323485
2025-10-22 00:00:00,0.3704112
2025-10-22 01:00:00,-0.16752544
2025-10-22 02:00:00,-0.6398645
2025-10-22 03:00:00,-0.7477912
2025-10-22 04:00:00,-0.26572794
2025-10-22 05:00:00,0.20136406
2025-10-22 06:00:00,0.69166887
2025-10-22 07:00:00,1.1593919
2025-10-22 08:00:00,1.4820384
2025-10-22 09:00:00,1.5285747
2025-10-22 10:00:00,1.2439284
2025-10-22 11:00:00,0.7761452
2025-10-22 12:00:00,0.25571162
2025-10-22 13:00:00,-0.28470618
2025-10-22 14:00:00,-0.72637844
2025-10-22 15:00:00,-0.7964164
2025-10-22 16:00:00,-0.26511213
2025-10-22 17:00:00,0.24957637
2025-10-22 18:00:00,0.77825725
2025-10-22 19:00:00,1.3233143
2025-10-22 20:00:00,1.740239
2025-10-22 21:00:00,1.8664036
2025-10-22 22:00:00,1.641065
2025-10-22 23:00:00,1.1909138
2025-10-23 00:00:00,0.6296906
2025-10-23 01:00:00,0.0875928
2025-10-23 02:00:00,-0.41464674
2025-10-23 03:00:00,-0.76497877
2025-10-23 04:00:00,-0.50106317
2025-10-23 05:00:00,-0.0205557
2025-10-23 06:00:00,0.42646796
2025-10-23 07:00:00,0.9164702
2025-10-23 08:00:00,1.3288901
2025-10-23 09:00:00,1.5154902
2025-10-23 10:00:00,1.3603717
2025-10-23 11:00:00,0.9793684
2025-10-23 12:00:00,0.4602461
2025-10-23 13:00:00,-0.03461321
2025-10-23 14:00:00,-0.5414575
2025-10-23 15:00:00,-0.8392314
2025-10-23 16:00:00,-0.5215103
2025-10-23 17:00:00,0.016568527
2025-10-23 18:00:00,0.51866835
2025-10-23 19:00:00,1.0827534
2025-10-23 20:00:00,1.556789
2025-10-23 21:00:00,1.8447086
2025-10-23 22:00:00,1.7814324
2025-10-23 23:00:00,1.4285218
2025-10-24 00:00:00,0.9169104
2025-10-24 01:00:00,0.36324826
2025-10-24 02:00:00,-0.16632079
2025-10-24 03:00:00,-0.61979026
2025-10-24 04:00:00,-0.6931715
2025-10-24 05:00:00,-0.2658436
2025-10-24 06:00:00,0.17591473
2025-10-24 07:00:00,0.61423373
2025-10-24 08:00:00,1.0972899
2025-10-24 09:00:00,1.3925178
2025-10-24 10:00:00,1.4206722
2025-10-24 11:00:00,1.144944
2025-10-24 12:00:00,0.68391263
2025-10-24 13:00:00,0.18640156
2025-10-24 14:00:00,-0.31336492
2025-10-24 15:00:00,-0.7324343
2025-10-24 16:00:00,-0.73061377
2025-10-24 17:00:00,-0.24492553
2025-10-24 18:00:00,0.24568889
2025-10-24 19:00:00,0.7700157
2025-10-24 20:00:00,1.3123164
2025-10-24 21:00:00,1.6951581
2025-10-24 22:00:00,1.80987
2025-10-24 23:00:00,1.5991888
2025-10-25 00:00:00,1.1534116
